Eleve,Note1,Note2,Note3,Moyenne
Eleve1,12,13,15,13.333333333333334
Eleve2,5,19,10,11.333333333333334
Eleve3,17,6,12,11.666666666666666
Eleve4,8,14,9,10.333333333333334
Moyenne,10.5,13.0,11.5,11.25
